,AESL_inst_ifft_1024_top,,module_status1.csv
,grp_ifft_1024_top_Pipeline_1_fu_140,,module_status2.csv
,grp_ifft_1024_top_Pipeline_2_fu_146,,module_status3.csv
,grp_ifft_1024_top_Pipeline_VITIS_LOOP_48_1_fu_152,,module_status4.csv
,grp_ifft_1024_top_Pipeline_VITIS_LOOP_53_2_fu_166,,module_status5.csv
,grp_ifft_fast_fu_180,,module_status6.csv
grp_ifft_fast_fu_180,grp_ifft_fast_Pipeline_VITIS_LOOP_7_1_fu_67,,module_status7.csv
grp_ifft_fast_fu_180,grp_ifft_fast_Pipeline_VITIS_LOOP_33_5_fu_77,,module_status8.csv
grp_ifft_fast_fu_180,grp_ifft_fast_Pipeline_VITIS_LOOP_22_4_fu_85,,module_status9.csv
,grp_ifft_fast_fu_192,,module_status10.csv
grp_ifft_fast_fu_192,grp_ifft_fast_Pipeline_VITIS_LOOP_7_1_fu_67,,module_status11.csv
grp_ifft_fast_fu_192,grp_ifft_fast_Pipeline_VITIS_LOOP_33_5_fu_77,,module_status12.csv
grp_ifft_fast_fu_192,grp_ifft_fast_Pipeline_VITIS_LOOP_22_4_fu_85,,module_status13.csv
,grp_ifft_1024_top_Pipeline_VITIS_LOOP_85_3_fu_204,,module_status14.csv
